Type,Name,Request Count,Failure Count,Median Response Time,Average Response Time,Min Response Time,Max Response Time,Average Content Size,Requests/s,Failures/s,50%,66%,75%,80%,90%,95%,98%,99%,99.9%,99.99%,100%
GET,GET /api/orders,1,0,23.534370004199445,23.534370004199445,23.534370004199445,23.534370004199445,3531.0,0.03189644605806828,0.0,24,24,24,24,24,24,24,24,24,24,24
GET,GET /api/orders/{id},1,0,361.25997599447146,361.25997599447146,361.25997599447146,361.25997599447146,203.0,0.03189644605806828,0.0,360,360,360,360,360,360,360,360,360,360,360
GET,GET /api/orders/{id} (workflow-followup),1,0,15.358805998403113,15.358805998403113,15.358805998403113,15.358805998403113,202.0,0.03189644605806828,0.0,15,15,15,15,15,15,15,15,15,15,15
GET,GET /api/orders/{id} (workflow-immediate),1,0,133.40203300322173,133.40203300322173,133.40203300322173,133.40203300322173,202.0,0.03189644605806828,0.0,130,130,130,130,130,130,130,130,130,130,130
POST,POST /api/orders,5,5,17,20.942864200333133,9.832140000071377,36.88400300598005,240.0,0.15948223029034142,0.15948223029034142,17,25,25,37,37,37,37,37,37,37,37
POST,POST /api/orders (bulk),5,4,10,37.35779179842211,8.751959998335224,80.39204999658978,232.6,0.15948223029034142,0.12758578423227313,10,77,77,80,80,80,80,80,80,80,80
POST,POST /api/orders (high-volume),66,63,13,26.99042315152562,7.687439996516332,212.72742599830963,237.77272727272728,2.105165439832507,2.009476101658302,13,16,19,21,56,100,180,210,210,210,210
POST,POST /api/orders (workflow),2,1,17.17049899889389,19.49373800016474,17.17049899889389,21.81697700143559,221.0,0.06379289211613656,0.03189644605806828,22,22,22,22,22,22,22,22,22,22,22
,Aggregated,82,73,14,32.26114474384259,7.687439996516332,361.25997599447146,276.0487804878049,2.615508576761599,2.3284405622389848,14,17,21,25,80,130,210,360,360,360,360
